first name,last name,car1 model,car1 year,car2 model,car2 year,engine name,engine type,good oil,bad oil,fine oil,street,city
Farley,Wickens,Elantra,2005,Aerostar,1993,Hyundai,JN1CV6EK8CM994845,semper porta,quam,natoque,Florence,Purísima
Nickie,Boriston,62,2007,Xterra,2003,Maybach,JN1CV6EK6AM862969,erat vestibulum,risus,mattis,Kennedy,La Virginia
Lyndel,Laidler,Grand Caravan,2008,3 Series,1993,Dodge,19UUA65584A346658,mattis egestas,vel,erat fermentum,Washington,Urshel’skiy
Karina,Milne,Montero Sport,2004,Aerostar,1992,Mitsubishi,VNKJTUD34FA711931,vestibulum,ut volutpat,mattis egestas,Aberg,Bududa
Cristobal,Lambrick,Caprice Classic,1996,Jetta,2002,Chevrolet,WAUTFAFH7DN048213,tortor,magnis,mauris,Talisman,Ijero-Ekiti
Shelli,Odney,Legacy,2003,Silverado 2500,2008,Subaru,2C3CDZAG8FH473834,leo,mauris enim,fusce,Drewry,Tanahwulan
Leonore,Yesenin,Frontier,2004,QX,2010,Nissan,WAUYP54B41N948958,condimentum,congue eget,in,Nevada,Devitsa
Jennie,Hansom,Town & Country,2006,Galant,2007,Chrysler,WA1LFAFP3EA627132,dictumst,laoreet ut,lacinia,Tennessee,Nebug
Kikelia,Winchcum,Escort,1993,Ram 50,1992,Ford,SCFFDCBD4CG291518,dui,malesuada in,lacus,Spohn,Riachão do Jacuípe
Hubert,Eady,Explorer,1996,New Beetle,2004,Ford,1G6D25ED0B0188223,ultrices,sapien iaculis,tempus vel,Independence,Pyhäntä
Kissee,Barnson,Tiguan,2012,Tribute,2003,Volkswagen,WA1MYBFE0AD667308,eu pede,orci,morbi quis,Maywood,Apaga
Pren,Donnett,A6,2010,7 Series,2004,Audi,YV126MFK2F1069289,quam suspendisse,sed tristique,risus,Union,Malšice
Alys,Townsend,XT,1991,X5,2009,Subaru,1C4NJPBA9CD388957,eros,nec euismod,luctus,Pierstorff,Pindushi
Tye,Eger,Corolla,1999,Familia,1992,Toyota,1N6AF0KX5EN121952,odio consequat,dui nec,ipsum primis,Farwell,Wojcieszków
Trueman,Friedank,Prelude,1997,626,1989,Honda,5N1AN0NW0FN870793,enim,consequat,non,Blaine,Saint-Étienne
Carolann,Pecha,G,2011,Frontier,2008,Infiniti,1D7RW7GP6AS271481,laoreet,sit,rhoncus sed,Swallow,Yazykovo
Zarah,Warrington,Optima,2003,Century,2000,Kia,WAUVT68E55A711384,sed magna,viverra,dapibus,Washington,Alimono
Melania,Schuster,Quest,2012,Monterey,2005,Nissan,3N1BC1CP5CK960414,sagittis nam,eros elementum,accumsan tortor,Westridge,Budapest
Griffie,Luckcock,M-Class,2007,Riviera,1995,Mercedes-Benz,SbALVP2BGXFH444626,diam,platea dictumst,a nibh,3rd,Kanye
Purcell,Rapaport,Mustang,1965,Ascender,2009,Ford,JTHBE1BL2FA089840,elit,eget eros,sed,Kingsford,Stąporków
Alair,Boldecke,Vibe,2009,Crown Victoria,2007,Pontiac,4JGDA2EB8EA122669,libero,at,morbi vestibulum,Quincy,Zolochiv
Hollie,Coe,Continental GT,2008,Express 3500,2002,Bentley,WBAFU7C52DD650474,in,non,odio,Prairie Rose,Buang
Cesare,Lantaph,Protege,1995,SLX,1997,Mazda,WAUDK78T48A926505,convallis morbi,at turpis,justo eu,Longview,Tomelilla
Loise,De Vries,Tahoe,2013,Ram Van 2500,1996,Chevrolet,1G6DA1E34E0290454,duis,proin leo,adipiscing,Kedzie,Helong
Catarina,MacNockater,IS F,2008,Eldorado,1993,Lexus,JH4CU2F64DC830766,ligula,tortor id,nunc donec,Cody,Nejo
Ayn,Orsman,Ram 2500,1997,GL-Class,2009,Dodge,WAUML44E65N639755,nec,donec,metus vitae,Spenser,Vladimir
Ernestine,Whelan,Previa,1996,164,1995,Toyota,JN1AJ0HP3BM014167,consequat,luctus rutrum,maecenas tincidunt,David,Wangunsari
Georgiana,Buzin,Outlander,2011,G-Series 1500,1997,Mitsubishi,1G6DC67A190664480,ultrices,mattis,venenatis,Lakeland,Placencia
Avictor,Bronot,LX,1997,NV1500,2012,Lexus,1G6YV36A785933756,sed vestibulum,sit,at velit,Sheridan,Sơn Tịnh
Crosby,Hopkyns,Sidekick,1991,Voyager,2003,Suzuki,WAUAFAFH5CN595129,massa,libero ut,posuere,Stephen,Ciudad Guayana
Luise,Moberley,Passat,1985,Uplander,2007,Volkswagen,1C3BC7EG1BN854360,sapien sapien,cum sociis,massa,Cody,Hepo
Yasmin,Skippings,Suburban 2500,1993,S-Class,1994,Chevrolet,WA1DMAFP1EA171626,auctor sed,vestibulum,elementum,Ridgeway,Överkalix
Antonin,Stredder,MX-5,1992,ES,2001,Mazda,WAUJC68E44A952737,curabitur in,odio odio,ridiculus,Jenifer,Songhae
Remus,Arran,Escalade EXT,2010,B-Series,2002,Cadillac,19UUB2F35FA700982,mus etiam,maecenas,leo maecenas,Dovetail,Bandung
Annie,Goulder,Impala SS,1995,F-Series,2003,Chevrolet,2G4WE537451704968,lobortis,sapien,ut tellus,Melvin,Margasari
Torrie,Medcalf,M3,1999,Golf,2005,BMW,WP0AB2A82CS500703,elementum pellentesque,suscipit nulla,mauris,Holmberg,Henglu
Marcelline,Shillabear,850,1995,Yukon,2002,Volvo,WBA4A9C53FD687919,purus aliquet,mauris eget,orci,Rieder,San Pa Tong
Decca,Phizackarley,Odyssey,2002,Sierra 3500,2010,Honda,WAUGL78EX7A223257,nisi,nisi eu,sem duis,Heffernan,Viekšniai
Nefen,Kohnert,Civic,1995,XLR-V,2009,Honda,1G6D05EG2A0643376,interdum,ligula,elementum,Hallows,Shebunino
Dorothee,Carlick,90,1995,Grand Prix,1989,Audi,5UMDU93517L128379,odio,eu,ac,Dorton,Ţāmiyah
Idalina,Proger,Metro,1992,Rodeo,1995,Geo,TRUWX28N921341787,elit,cubilia,rhoncus dui,6th,Urjala
Jacobo,Clawsley,Amigo,1992,Yukon,2002,Isuzu,WBAPH73549A619258,duis,suscipit,justo maecenas,Stone Corner,Bhāi Pheru
Kaycee,Barham,90,1988,Land Cruiser,1998,Audi,WVWBB7AJ3DW063647,nonummy,pellentesque ultrices,sed accumsan,Hallows,Dongjiao
Kesley,Litterick,Summit,1992,S-Class,2003,Eagle,WA1LMAFE5BD880905,dignissim,leo,suscipit nulla,Moland,Guariba
Cathy,Carayol,X5,2001,GLK-Class,2012,BMW,4T1BK3DB3CU974385,ac,odio in,non,Scott,Vilkija
Marijo,Gravatt,Paseo,1995,Santa Fe,2012,Toyota,1G6DS8ED4B0807679,donec,ac nibh,vitae consectetuer,Del Mar,Ertai
Faustina,Grant,Yukon,1992,F350,2003,GMC,1FADP5BUXDL161735,sit amet,a pede,tincidunt,Schiller,Mojo
Frankie,Merryfield,Savana 1500,2002,B-Series,1995,GMC,1GD220CGXCZ426110,maecenas tristique,potenti,aliquet,Sunbrook,Jilma
Micky,Gretham,Crown Victoria,1996,Z4 M,2007,Ford,WBAUN1C56CV367599,ut,sed,interdum,Summit,Xitan